Owner,Repository
academicpages,academicpages.github.io
Huxpro,huxpro.github.io
qiubaiying,qiubaiying.github.io
nndl,nndl.github.io
haoel,haoel.github.io
vpncn,vpncn.github.io
mml-book,mml-book.github.io
cs231n,cs231n.github.io
GTFOBins,GTFOBins.github.io
koolshare,koolshare.github.io
RayeRen,acad-homepage.github.io
Gaohaoyang,gaohaoyang.github.io
rms-support-letter,rms-support-letter.github.io
fullstack-hy2020,fullstack-hy2020.github.io
nerfies,nerfies.github.io
WebStackPage,WebStackPage.github.io
mzlogin,mzlogin.github.io
dirtycow,dirtycow.github.io
SeleniumHQ,seleniumhq.github.io
DataScienceSpecialization,DataScienceSpecialization.github.io
graphql,graphql.github.io
handong1587,handong1587.github.io
xiaolai,xiaolai.github.io
missing-semester-cn,missing-semester-cn.github.io
varHarrie,varharrie.github.io
leopardpan,leopardpan.github.io
tmallfe,tmallfe.github.io
neveragaindottech,neveragaindottech.github.io
varadbhogayata,varadbhogayata.github.io
bootflat,bootflat.github.io
react-navigation,react-navigation.github.io
mojombo,mojombo.github.io
mingw-w64,mingw-w64.github.io
microsoft,microsoft.github.io
aliceui,aliceui.github.io
PojavLauncherTeam,pojavlauncherteam.github.io
w3schools-test,w3schools-test.github.io
beeware,beeware.github.io
devsonket,devsonket.github.io
rms-open-letter,rms-open-letter.github.io
gustavoguanabara,gustavoguanabara.github.io
vivek9patel,vivek9patel.github.io
etherdelta,etherdelta.github.io
ityouknow,ityouknow.github.io
suyan,suyan.github.io
getbem,getbem.github.io
netkiller,netkiller.github.io
tiepvupsu,tiepvupsu.github.io
nodeschool,nodeschool.github.io
GlixzzyBlooketHacks,Glixzzy.github.io.
ephtracy,ephtracy.github.io
rajaprerak,rajaprerak.github.io
godbasin,godbasin.github.io
agusmakmun,agusmakmun.github.io
prebid,prebid.github.io
plfa,plfa.github.io
Bhaney44,ChoiceCoin.github.io
tianocore,tianocore.github.io
aralejs,aralejs.github.io
octocat,octocat.github.io
hadoopecosystemtable,hadoopecosystemtable.github.io
dmego,home.github.io
jhipster,jhipster.github.io
AppImage,appimage.github.io
msys2,msys2.github.io
project-open-data,project-open-data.github.io
opencsapp,opencsapp.github.io
EZLippi,EZLippi.github.io
LSPosed,LSPosed.github.io
jasmine,jasmine.github.io
GuangLun2000,GuangLun2000.github.io
Terminus2049,Terminus2049.github.io
firstcontributions,firstcontributions.github.io
ethereum-optimism,ethereum-optimism.github.io
8values,8values.github.io
square,square.github.io
bchiang7,bchiang7.github.io
LLMBook-zh,LLMBook-zh.github.io
jsonwebtoken,jsonwebtoken.github.io
Liberxue,liberxue.github.io
raft,raft.github.io
IBM,ibm.github.io
reasonml,reasonml.github.io
vinaysomawat,vinaysomawat.github.io
brainwallet,brainwallet.github.io
techno-tim,techno-tim.github.io
SHSGames,shsgames.github.io
lemonchann,lemonchann.github.io
nushell,nushell.github.io
artsy,artsy.github.io
iandevlin,iandevlin.github.io
bnb-chain,bnb-chain.github.io
qbzzt,qbzzt.github.io
OWASP,owasp.github.io
grpc,grpc.github.io
WADComs,WADComs.github.io
shijieshangzuimeidenvren,shijieshangzuimeidenvren.github.io
termux,termux.github.io
pwnwiki,pwnwiki.github.io
byquangthanh,valentine.github.io
Hackalist,Hackalist.github.io
harikanani,harikanani.github.io
ConardLi,ConardLi.github.io
karpathy,karpathy.github.io
amp-letter,amp-letter.github.io
TryEnlight,tryenlight.github.io
WebGLSamples,WebGLSamples.github.io
Ovilia,ovilia.github.io
hugo-toha,hugo-toha.github.io
robhinds,robhinds.github.io
hammerjs,hammerjs.github.io
ONLYOFFICE,onlyoffice.github.io
mbtaviz,mbtaviz.github.io
v2fly,v2fly-github-io
quarkusio,quarkusio.github.io
git,git.github.io
colah,colah.github.io
MorvanZhou,morvanzhou.github.io
Emupedia,emupedia.github.io
lib-pku,lib-pku.github.io
putianxi,putianxi.github.io
pytorch,pytorch.github.io
rust-gamedev,rust-gamedev.github.io
DustinWin,dustinwin.github.io
wavedrom,wavedrom.github.io
anuraghazra,anuraghazra.github.io
fullstackopen-2019,fullstackopen-2019.github.io
tomstillcoding,tomstillcoding.github.io
sec-deadlines,sec-deadlines.github.io
frankarendpoth,frankarendpoth.github.io
learning-rust,learning-rust.github.io
epibook,epibook.github.io
xiugangzhang,video.github.io
RedHatGov,redhatgov.github.io
leonidk,leonidk.github.io
hankquinlan,hankquinlan.github.io
wu-kan,wu-kan.github.io
surmon-china,surmon-china.github.io
jmcglone,jmcglone.github.io
KirkMcDonald,kirkmcdonald.github.io
spinnaker,spinnaker.github.io
biopython,biopython.github.io
thingsboard,thingsboard.github.io
jasperproject,jasperproject.github.io
yashitanamdeo,yashitanamdeo.github.io
senli1073,senli1073.github.io
typeplate,typeplate.github.io
opensourcedesign,opensourcedesign.github.io
devcontainers,devcontainers.github.io
onestlatech,onestlatech.github.io
MonkeyGG2,monkeygg2.github.io
brooklynjs,brooklynjs.github.io
mpdf,mpdf.github.io
chemdemo,chemdemo.github.io
tuhdo,tuhdo.github.io
Trimps,Trimps.github.io
untitled-dice,untitled-dice.github.io
docker-hy,docker-hy.github.io
peterroelants,peterroelants.github.io
the-mvm,the-mvm.github.io
ethereumclassic,ethereumclassic.github.io
RedHatOfficial,RedHatOfficial.github.io
xulingbo,xulingbo.github.io
Cyfrin,solidity-by-example.github.io
cloudwego,cloudwego.github.io
download-directory,download-directory.github.io
fuzhengwei,fuzhengwei.github.io
Yelp,yelp.github.io
Jackwire,Jackwire.github.io
IvarK,IvarK.github.io
webcomponents,webcomponents.github.io
HSF,hsf.github.io
coffeescript-cookbook,coffeescript-cookbook.github.io
slemire,slemire.github.io
JimmyLv,jimmylv.github.io
Esri,esri.github.io
Neveryu,Neveryu.github.io
CymChad,CymChad.github.io
OBOFoundry,OBOFoundry.github.io
hacke2,hacke2.github.io
langserver,langserver.github.io
Hexlet,hexletguides.github.io
BlockchainBooks,blockchainbooks.github.io
konmik,konmik.github.io
isoflat,isoflat.github.io
conda-forge,conda-forge.github.io
nightscout,nightscout.github.io
jupyter,jupyter.github.io
play-with-docker,play-with-docker.github.io
pothonprogramming,pothonprogramming.github.io
codeinthedark,codeinthedark.github.io
RayeRen,rayeren.github.io
gpxstudio,gpxstudio.github.io
linux-kernel-labs,linux-kernel-labs.github.io
TestingConferences,testingconferences.github.io
hubgit,hubgit.github.io
siberiawolf,siberiawolf.github.io
liutongxu,liutongxu.github.io
rancher,rancher.github.io
csinva,csinva.github.io
ml4a,ml4a.github.io
kuitos,kuitos.github.io
sandhikagalih,sandhikagalih.github.io
sivagao,github-serendipity.github.io
druid-io,druid-io.github.io
mathgames66,mathgames66.github.io
typescript-kr,typescript-kr.github.io
neutralinojs,neutralinojs.github.io
wyagd001,wyagd001.github.io
popcorn-time,popcorn-time.github.io
lilianweng,lilianweng.github.io
hanabi,hanabi.github.io
weightagnostic,weightagnostic.github.io
TrumpTracker,trumptracker.github.io
elyxdev,elyxdev.github.io
ruby-conferences,ruby-conferences.github.io
staeiou,staeiou.github.io
neovim,neovim.github.io
codebytere,codebytere.github.io
bitcoinops,bitcoinops.github.io
chandrikadeb7,chandrikadeb7.github.io
candybox2,candybox2.github.io
wehrley,wehrley.github.io
xiaohang007,xiaohang007.github.io
electrode-io,electrode-io.github.io
nezhahq,nezhahq.github.io
awesome-br,awesome-br.github.io
TheAlgorithms,TheAlgorithms.github.io
libgdx,libgdx.github.io
scotch-io,scotch-io.github.io
cfpb,cfpb.github.io
misode,misode.github.io
LOST-STATS,lost-stats.github.io
mercyblitz,mercyblitz.github.io
autoprefixer,autoprefixer.github.io
shoutem,shoutem.github.io
zjcqoo,zjcqoo.github.io
MetaOSINT,MetaOSINT.github.io
limingzhong61,limingzhong61.github.io
in28minutes,in28minutes.github.io
json-schema-org,json-schema-org.github.io
devfreebooks,devfreebooks.github.io
shala2020,shala2020.github.io
cockpit-project,cockpit-project.github.io
EntropiaFox,astranauta.github.io
Jocs,jocs.github.io
theorydb,theorydb.github.io
matklad,matklad.github.io
yuzu-emu,yuzu-emu.github.io
play-with-docker,play-with-kubernetes.github.io
iptv-org,iptv-org.github.io
YunYouJun,yunyoujun.github.io
QubesOS,qubesos.github.io
ToutyRater,toutyrater.github.io
anitab-org,anitab-org.github.io
GoodManWEN,GoodManWEN.github.io
vpnforchina,vpnforchina.github.io
roothide,roothide.github.io
git-for-windows,git-for-windows.github.io
Yonsm,Yonsm.github.io
laraveltherightway,laraveltherightway.github.io
probot,probot.github.io
bardcollege,bardcollege.github.io
optimaltransport,optimaltransport.github.io
teachingtechYT,teachingtechYT.github.io
fex-team,fex-team.github.io
hanami,hanami.github.io
nosafer,nosafer.github.io
iris-hep,iris-hep.github.io
Libera-Chat,libera-chat.github.io
seanabu,seanabu.github.io
daliansky,daliansky.github.io
chaos-eng,chaos-eng.github.io
ReactiveX,reactivex.github.io
RoboticsKnowledgebase,roboticsknowledgebase.github.io
kubevela,kubevela.github.io
cocodataset,cocodataset.github.io
listatelegram,listatelegram.github.io
codeharborhub,codeharborhub.github.io
useful-forks,useful-forks.github.io
cryptoqween,cryptoqween.github.io
CntChen,cntchen.github.io
shokru,mlfactor.github.io
cypress-io,github-action
creative-computing-society,creative-computing-society.github.io
suddi,suddi.github.io
pythonclub,pythonclub.github.io
learnaria,learnaria.github.io
FreeRDP,freerdp.github.io
Texts,texts.github.io
zen-audio-player,zen-audio-player.github.io
OpenAstronomy,openastronomy.github.io
jsdoc,jsdoc.github.io
mathematical-tours,mathematical-tours.github.io
RootMyTV,RootMyTV.github.io
AdAway,adaway.github.io
polkadot-js,polkadot-js.github.io
algyan,algyan.github.io
hchasestevens,hchasestevens.github.io
DefinitelyTyped,definitelytyped.github.io
frontendbr,frontendbr.github.io
blynkkk,blynkkk.github.io
Erlemar,Erlemar.github.io
daattali,daattali.github.io
vfarcic,vfarcic.github.io
Gozargah,gozargah.github.io
open-learning-exchange,open-learning-exchange.github.io
debezium,debezium.github.io
arethetypeswrong,arethetypeswrong.github.io
relopezbriega,relopezbriega.github.io
polkadot-developers,substrate-developer-hub.github.io
earthlab,earthlab.github.io
wafflejs,wafflejs.github.io
SiZapPaaiGwat,inhuman-cpc.github.io
abseil,abseil.github.io
arquillian,arquillian.github.io
mlcontests,mlcontests.github.io
infosecstreams,infosecstreams.github.io
fanqiang-vpn,fanqiang-vpn.github.io
pm2-hive,pm2-hive.github.io
vnpy,vnpy.github.io
doocs,doocs.github.io
LeftValues,leftvalues.github.io
scala-open-letter,scala-open-letter.github.io
deadlockempire,deadlockempire.github.io
creativecommons,creativecommons.github.io-source
Eduhub-Community,Eduhub-Community.github.io
lessfish,lessfish.github.io
nacos-group,nacos-group.github.io
myanmar-software-engineers,myanmar-software-engineers.github.io
goodboychan,goodboychan.github.io
googlearchive,googlemaps.github.io
dickrnn,dickrnn.github.io
google,google.github.io
dark-player,instabrute.github.io
tajrobe,tajrobe.github.io
NationalSecurityAgency,nationalsecurityagency.github.io
TechPrimers,techprimers.github.io
aibooks,aibooks.github.io
jekynewage,jekynewage.github.io
panaverse,panaverse.github.io
telehash,telehash.github.io
lay1010,lay1010.github.io
willdurand,willdurand.github.io
bayesoptbook,bayesoptbook.github.io
ansohxxn,ansohxxn.github.io
madewithangular,madewithangular.github.io
treehouses,treehouses.github.io
node-red,node-red.github.io
saiadecasa,saiadecasa.github.io
ajaxzip3,ajaxzip3.github.io
hack-gpon,hack-gpon.github.io
freeotp,freeotp.github.io
c4cs,c4cs.github.io
superorbital,golangcookbook.github.io
mingyun,mingyun.github.io
revel,revel.github.io
nsacyber,nsacyber.github.io
5iux,5iux.github.io
gedoor,gedoor.github.io
aiyinya,stop.github.io
es5,es5.github.io
andikasujanadi,andikasujanadi.github.io
CodeNerve,CodeNerve.github.io
pianfan,pianfan.github.io
code9media,overthecs.github.io
FirefoxCSS-Store,FirefoxCSS-Store.github.io
sureshmurali,sureshmurali.github.io
JoeCao,JoeCao.github.io
BITDM,bitdm.github.io
Clouditera,Clouditera.github.io
dualshock-tools,dualshock-tools.github.io
iamralpht,iamralpht.github.io
worldmodels,worldmodels.github.io
bower,bower.github.io
startpages,startpages.github.io
KordingLab,KordingLab.github.io
brunch,brunch.github.io
LF-Decentralized-Trust-labs,LF-Decentralized-Trust-labs.github.io
NvChad,nvchad.github.io
lse-my472,lse-my472.github.io
retrofw,retrofw.github.io
droidsec,droidsec.github.io
trufflesuite,trufflesuite.github.io
Jekyll-Garden,jekyll-garden.github.io
antvis,antvis.github.io
openvswitch,openvswitch.github.io
thatsenam,dataoptimal.github.io
tgnav,tgnav.github.io
AlexCGDesign,alexcgdesign.github.io
liuhuanyong,liuhuanyong.github.io
saltfactory,kakao.github.io
python-gsoc,python-gsoc.github.io
KodeMeister-YT,Dash.github.io
protocolbuffers,protocolbuffers.github.io
SheetJS,SheetJS.github.io
overextended,overextended.github.io
usha-madithati,esmart.github.io
tmeseoi,telegram.github.io
helloint,helloint.github.io
arttoolkit,arttoolkit.github.io
feeldreams,feeldreams.github.io
avseoul,avseoul.github.io
meta-magic,amexio.github.io
rishavchanda,rishavchanda.github.io
javaconferences,javaconferences.github.io
pythonecuador,pythonecuador.github.io
cloud-fs,cloud-fs.github.io
arshadasgar,arshadasgar.github.io
datacarpentry,datacarpentry.github.io
persistence-info,persistence-info.github.io
intercepter-ng,intercepter-ng.github.io
statecharts,statecharts.github.io
Vinayak-09,Vinayak-09.github.io
doodlecricket,doodlecricket.github.io
arasgungore,arasgungore.github.io
explorableexplanations,explorableexplanations.github.io
OCamlverse,ocamlverse.github.io
LazyVim,lazyvim.github.io
ics-portfolios,ics-portfolios.github.io
locationestimatr,locationestimatr.github.io
cs107e,cs107e.github.io
LiXizhi,lixizhi.github.io
poetries,poetries.github.io
dotnetthailand,dotnetthailand.github.io
o2team,o2team.github.io
BesutKode,BesutKode.github.io
kbroman,kbroman.github.io
JosiahLeas,josiahleas.github.io
minixalpha,minixalpha.github.io
EddieHubCommunity,EddieHubCommunity.github.io
OData,odataorg.github.io
abbshr,abbshr.github.io
mksshare,mksshare.github.io
leanprover-community,leanprover-community.github.io
ProtoSchool,protoschool.github.io
ev3dev,ev3dev.github.io
v2ray,v2ray.github.io
audible-tools,audible-tools.github.io
microservices-demo,microservices-demo.github.io
DecryptMedia,decryptmedia.github.io
illustrated-machine-learning,illustrated-machine-learning.github.io
minddust,minddust.github.io
nolboo,nolboo.github.io
SwiftWeekly,swiftweekly.github.io
webhintio,webhintio.github.io
tyleransom,tyleransom.github.io
RavenProject,ravenproject.github.io
flukeout,flukeout.github.io
faang-interview,faang-interview.github.io
vuepress-reco,vuepress-reco.github.io
david-legend,david-legend.github.io
ml4code,ml4code.github.io
redis-developer,redis-developer.github.io
jikeytang,jikeytang.github.io
BibBase,bibbase.github.io
SnippetsDevelop,snippetsdevelop.github.io
go2coding,go2coding.github.io
birl-language,birl-language.github.io
adr,adr.github.io
theEmbeddedGeorge,theEmbeddedNewTestament.github.io
yegor256,elegantobjects.github.io
nicolocarpignoli,nicolocarpignoli.github.io
52bp,52bp.github.io
Global-CS-application,global-cs-application.github.io
Nikke-db,Nikke-db.github.io
scikit-learn,scikit-learn.github.io
ee227c,ee227c.github.io
thomasdavis,thomasdavis.github.io
riot,riot.github.io
bangbangcon,bangbangcon.github.io
learnyouahaskell,learnyouahaskell.github.io
junhobaik,junhobaik.github.io
cody1991,cody1991.github.io
flarum,flarum.github.io
overwolf,overwolf.github.io
ourcodingclub,ourcodingclub.github.io
pinecoders,pinecoders.github.io
sannaha,sannaha.github.io
sce-tts,sce-tts.github.io
flatpak,flatpak.github.io
bdhehohai,bdhehohai.github.io
Mukosame,mukosame.github.io
kratzert,kratzert.github.io
Lucifier129,Lucifier129.github.io
tc39,tc39.github.io
Leeful,leeful.github.io
python3statement,python3statement.github.io
infossm,infossm.github.io
rainboooooom,rainboooooom.github.io
efcl,efcl.github.io
iamtrask,iamtrask.github.io
HelKyle,w3ctrain.github.io
rescript-lang,bucklescript.github.io
jser,jser.github.io
kubevirt,kubevirt.github.io
learnlatex,learnlatex.github.io
intro-llm,intro-llm.github.io
blinkfox,blinkfox.github.io
graphile,graphile.github.io
webplatform,webplatform.github.io
mermaidjs,mermaidjs.github.io
imagej,imagej.github.io
Mister-Hope,Mister-Hope.github.io
Louiszhai,Louiszhai.github.io
zhisheng17,zhisheng17.github.io
troisjs,troisjs.github.io
devsecopsguides,devsecopsguides.github.io
fraser-lab,fraser-lab.github.io
cznull,cznull.github.io
vinodjangid07,vinodjangid07.github.io
DeltaBalances,DeltaBalances.github.io
googleapis,googleapis.github.io
alainpham,alainpham.github.io
torch,torch.github.io
Adamnite,Adamnite.github.io
mattschapman,mattschapman.github.io
StatProofBook,StatProofBook.github.io
webrtc-security,webrtc-security.github.io
burningmyself,burningmyself.github.io
ubc2,ubc2.github.io
isme2n,isme2n.github.io
react-component,react-component.github.io
optc,optc.github.io
itorr,itorr.github.io
yanhaijing,yanhaijing.github.io
free-time,free-time.github.io
tailcallhq,tailcallhq.github.io
jamesrom,jamesrom.github.io
Tetra-cube,Tetra-cube.github.io
owasp-change,owasp-change.github.io
globien,globien.github.io
android,android.github.io
ircv3,ircv3.github.io
act-rules,act-rules.github.io
abshare,abshare.github.io
s4vitar,s4vitar.github.io
jgsrty,jgsrty.github.io
vrchatapi,vrchatapi.github.io
mydicebot,mydicebot.github.io
julioverne,julioverne.github.io
makepad,makepad.github.io
AsahiLinux,AsahiLinux.github.io
i3,i3.github.io
podemosaprender,podemosaprender.github.io
XTLS,XTLS.github.io
WaLLy3K,wally3k.github.io
yk-liu,yk-liu.github.io
WebXDAO,WebXDAO.github.io
walkwithfastai,walkwithfastai.github.io
tomacwrt,tomacwrt.github.io
kubernetes-hy,kubernetes-hy.github.io
yazi-rs,yazi-rs.github.io
proglangdesign,proglangdesign.github.io
dortania,dortania.github.io
iptv-ch,iptv-ch.github.io
simplelineicons,simplelineicons.github.io
HackInTheNorth,hackinthenorth.github.io
fabricjs,fabricjs.github.io
tachyons-css,tachyons-css.github.io
webprogrammingunpas,webprogrammingunpas.github.io
style2paints,style2paints.github.io
zhangyachen,zhangyachen.github.io
zhanghongguang,zhanghongguang.github.io
venom-blockchain,venom-blockchain.github.io
LevytsRoman,levytsroman.github.io
luanti-org,luanti-org.github.io
technologieplauscherl,technologieplauscherl.github.io
ra2web,ra2web.github.io
bip32,bip32.github.io
chenzomi12,chenzomi12.github.io
Starkovden,Starkovden.github.io
arogozhnikov,arogozhnikov.github.io
moghya,moghya.github.io
hacker-tools,hacker-tools.github.io
UtoSkydive,Comandos-Git-y-Github.github.io
gabrielflorit,script-8.github.io
joshualande,joshualande.github.io
statement-on-lambdaconf,statement-on-lambdaconf.github.io
mdexSwap,mdexSwap.github.io
sparktutorials,sparktutorials.github.io
KAR0218,KAR0218.github.io
keiyoushi,keiyoushi.github.io
wuhan2020,wuhan2020.github.io
knowsex,knowsex.github.io
TestAnything,testanything.github.io
isonnymichael,isonnymichael.github.io
iptv-pro,iptv-pro.github.io
oreilly-qc,oreilly-qc.github.io
hollowtree,hollowtree.github.io
Bkebi-Group,Bkebi-Group.github.io
ramda,ramda.github.io
hodlhodl1132,hodl.github.io
leixiaohua1020,leixiaohua1020.github.io
wu529778790,wu529778790.github.io
ArthurChiao,arthurchiao.github.io
jimboy3100,jimboy3100.github.io
maptime,maptime.github.io
outlace,outlace.github.io
ucsc-ospo,ucsc-ospo.github.io
reconsidera,reconsidera.github.io
learning-software-engineering,learning-software-engineering.github.io
ESUG,esug.github.io
papers-we-love,papers-we-love.github.io
systers,systers.github.io
korquad,korquad.github.io
dromara,dromara.github.io
Time-Travel-Rephotography,Time-Travel-Rephotography.github.io
nodejh,nodejh.github.io
Charles7c,charles7c.github.io
MozillaIndia,mozillaindia.github.io
flyingwzb,flyingwzb.github.io
micro-ROS,micro-ROS.github.io
shoui520,shoui520.github.io
stribika,stribika.github.io
landgreen,landgreen.github.io
ronnyvdbr,ronnyvdbr.github.io
BitDevsNYC,BitDevsNYC.github.io
FrankKai,FrankKai.github.io
newcampaigntrail,newcampaigntrail.github.io
USRSE,usrse.github.io
alexwjj,alexwjj.github.io
anchengjian,anchengjian.github.io
SheepTester,sheeptester.github.io
chaijs,chaijs.github.io
Joz84,static.github.io
Yang-Xijie,yang-xijie.github.io
SapplyValues,SapplyValues.github.io
pernyblom,pernyblom.github.io
codeeu,codeeu.github.io
xiaoping378,xiaoping378.github.io
henkaku,henkaku.github.io
azurecitadel,azurecitadel.github.io
onnx,onnx.github.io
speechbrain,speechbrain.github.io
yuanhuihui,yuanhuihui.github.io
smart-on-fhir,smart-on-fhir.github.io
autorolltables,autorolltables.github.io
Explv,Explv.github.io
wsy555,wangsy.github.io
AnderGoig,github-contributions-ios
btcguide,btcguide.github.io
3gstudent,backup-3gstudent.github.io
JasonD94,jasond94.github.io
yggdrasil-network,yggdrasil-network.github.io
supercollider,supercollider.github.io
opencart,opencart.github.io
adityadroid,adityadroid.github.io
ManagingProjectsSuccessfully,ManagingProjectsSuccessfully.github.io
MacGapProject,MacGapProject.github.io
valkey-io,valkey-io.github.io
design-pattern-ru,design-pattern-ru.github.io
maoxiaoke,maoxiaoke.github.io
massgravel,massgravel.github.io
Caffe-MPI,Caffe-MPI.github.io
DragonBones,dragonbones.github.io
school-brainhack,school-brainhack.github.io
nzp-team,nzp-team.github.io
CSE3000-research-project,cse3000-research-project.github.io
UTokyo-IPP,utokyo-ipp.github.io
ZKProofs,ZKProofs.github.io
bigbluebutton,bigbluebutton.github.io
baisesecxxx,yougar0.github.io
kisslinux,kisslinux.github.io
wo-ist-markt,wo-ist-markt.github.io
banned-historical-archives,banned-historical-archives.github.io
ChrisCummins,chriscummins.github.io
pixa-pics,pixa-pics.github.io
VSCodium,vscodium.github.io
jponttuset,jponttuset.github.io
bip32JP,bip32JP.github.io
chenglou,chenglou.github.io
Hanchao-Zhang,Hanchao-Zhang.github.io
datayanolja,datayanolja.github.io
Qv2ray,qv2ray.github.io
open-life-science,open-life-science.github.io
willard-yuan,willard-yuan.github.io
hashids,hashids.github.io
FakerPHP,fakerphp.github.io
diethardsteiner,diethardsteiner.github.io
VisionLearningGroup,VisionLearningGroup.github.io
DataTalksClub,datatalksclub.github.io
pidtuner,pidtuner.github.io
yihui,yihui.github.io
owncast,owncast.github.io
Leanny,leanny.github.io
gss,gss.github.io
thelounge,thelounge.github.io
EbookFoundation,ebookfoundation.github.io
Arquisoft,Arquisoft.github.io
einverne,einverne.github.io
mlops-guide,mlops-guide.github.io
sscs-ose,sscs-ose-code-a-chip.github.io
uxrecipe,uxrecipe.github.io
esbuild,esbuild.github.io
strimzi,strimzi.github.io
first-contributions-ja,first-contributions-ja.github.io
panyifei,panyifei.github.io
cloudflare,cloudflare.github.io
DWJWendy,DWJWendy.github.io
CuCodersCommunity,cucoderscommunity.github.io
eclipse-tractusx,eclipse-tractusx.github.io
junruchen,junruchen.github.io
tesseract-ocr,tesseract-ocr.github.io
typeorm,typeorm.github.io
8085simulator,8085simulator.github.io
amejiarosario,amejiarosario.github.io
cozy,cozy.github.io
keptn,keptn.github.io
sargraph,sargraph.github.io
fontforge,fontforge.github.io
JackPu,freleap.github.io
kapable,kapable.github.io
snowdreams1006,snowdreams1006.github.io
rsuite,rsuite.github.io
LLNL,llnl.github.io
serde-rs,serde-rs.github.io
animebook,animebook.github.io
handshake-org,handshake-org.github.io
seokho-son,seokho-son.github.io
free-courses,free-courses.github.io
cSploit,cSploit.github.io
gruntwork-io,gruntwork-io.github.io
css-naked-day,css-naked-day.github.io
pyOpenSci,pyopensci.github.io
cirubla,cirubla.github.io
resume-nation,resume-nation.github.io
json-to-proto,json-to-proto.github.io
cs480-projects,cs480-projects.github.io
freddier,freddier.github.io
hayatoito,hayatoito.github.io
Logan1x,Logan1x.github.io
google-udacity-scholars18,google-udacity-scholars18.github.io
openzipkin,openzipkin.github.io
lightningnetworkstores,lightningnetworkstores.github.io
HuiLi,huili.github.io
spotify,spotify.github.io
acl4ssr-sub,acl4ssr-sub.github.io
umbrellaplug,umbrellaplug.github.io
bullenweg,bullenweg.github.io
XiuzeZhou,xiuzezhou.github.io
adhdproject,adhdproject.github.io
react-made-native-easy,react-made-native-easy.github.io
hsBUPT,hsBUPT.github.io
damit5,damit5.github.io
bollu,bollu.github.io
Engineer-Petr,Engineer-Petr.github.io
vscodecool,vscodecool.github.io
mattlogic6,mallen5e.github.io
rubyistokei,rubyistokei.github.io
Simpleyyt,simpleyyt.github.io
Free-APIs,Free-APIs.github.io
galacean,galacean.github.io
eternityspring,eternityspring.github.io
ecomfe,ecomfe.github.io
covid-19-au,covid-19-au.github.io
TotomInc,totominc.github.io
qiankunli,qiankunli.github.io
hyperium,hyperium.github.io
matrixzj,matrixzj.github.io
wsgzao,wsgzao.github.io
foodkg,foodkg.github.io
makegirlsmoe,makegirlsmoe.github.io
hibikilogy,hibikilogy.github.io
jackyzha0,jackyzha0.github.io
QiushiWu,qiushiwu.github.io
superlogout,superlogout.github.io
stanfordmlgroup,stanfordmlgroup.github.io
gabrielsroka,gabrielsroka.github.io
jpmorganchase,jpmorganchase.github.io
data-ppf,data-ppf.github.io
rust-analyzer,rust-analyzer.github.io
tw93,tw93.github.io
pokemongovet,pokemongovet.github.io
gabgoh,gabgoh.github.io
BrowserSync,browsersync.github.io
MissingMaps,missingmaps.github.io
curlconverter,curlconverter.github.io
bugatsinho,bugatsinho.github.io
learnbyexample,learnbyexample.github.io
guofei9987,guofei9987.github.io
hahaxixi,hahaxixi.github.io
cfgmgmtcamp,cfgmgmtcamp.github.io
emojicode,emojicode.github.io
tomcritchlow,tomcritchlow.github.io
trekhleb,trekhleb.github.io
dmLabx,dmLabx.github.io
reflectoring,reflectoring.github.io
bbotte,bbotte.github.io
nroduit,nroduit.github.io
simongravelle,simongravelle.github.io
reconhub,reconhub.github.io
fairfield-programming,fairfield-programming.github.io
bliki-ja,bliki-ja.github.io
uc-r,uc-r.github.io
GIS-Info,GIS-Info.github.io
RByers,rbyers.github.io
playcanvas,playcanvas.github.io
ClinicalBrainLab,clinicalbrainlab.github.io
zalando,zalando.github.io
dgokondra,stepik_pandas_notebooks.github.io
openfootball,openfootball.github.io
czxxjtu,Hash-Learning.github.io
matheusbattisti,matheusbattisti.github.io
aws-otel,aws-otel.github.io
fsharp,fsharp.github.io
devinlife,devinlife.github.io
kamranahmedse,kamranahmedse.github.io
hparra,hparra.github.io
pendy99,youshandefeiyang.github.io
iot-book,iot-book.github.io
uetoken,uetoken.github.io
manishbarikmb,manishbarikmb.github.io
shadowsocksr-rm,breakwa11.github.io
opa334,opa334.github.io
Crazepony,crazepony.github.io
m2kar,m2kar.github.io
jglovier,jglovier.github.io
drkostas,drkostas.github.io
girtab,girtab.github.io
ritchieng,ritchieng.github.io
DeveloperCielo,developercielo.github.io
harttle,harttle.github.io
asetalias,asetalias.github.io
meimeihi,tizi.github.io
dlsys-course,dlsys-course.github.io
shark-vpn,shark-vpn.github.io
domoritz,domoritz.github.io
team-crew,team-crew.github.io
johngrib,johngrib.github.io
nullstack,nullstack.github.io
LispLang,lisplang.github.io
chiuinan,chiuinan.github.io
sowdust,sowdust.github.io
CokePokes,cokepokes.github.io
butterproject,butterproject.github.io
atmos,atmos.github.io
complex-analysis,complex-analysis.github.io
ballerina-platform,ballerina-platform.github.io
pmichaillat,pmichaillat.github.io
its-pointless,its-pointless.github.io
r12a,r12a.github.io
pyscf,pyscf.github.io
hackergarten,hackergarten.github.io
open-cluster-management-io,open-cluster-management-io.github.io
Decentralized-ID,decentralized-id.github.io
Skyflash,skyflash.github.io
genai-handbook,genai-handbook.github.io
4h0y,4h0y.github.io
appenv,appenv.github.io
learn-crypto-trading,learn-crypto-trading.github.io
hpoenixf,hpoenixf.github.io
GoogleWebComponents,googlewebcomponents.github.io
tradingview,tradingview.github.io
cobish,cobish.github.io
FlipperMaker,flippermaker.github.io
authcrunch,authcrunch.github.io
dmarman,dmarman.github.io
xfcjp,xfcjp.github.io
msnews,msnews.github.io
irplus-remote,irplus-codes.github.io
psx-spx,psx-spx.github.io
bombmanual,bombmanual.github.io
woaielf,woaielf.github.io
TerraMap,terramap.github.io
openlumi,openlumi.github.io
abhayprasanna,abhayprasanna.github.io
openfaas,openfaas.github.io
papyros,papyros.github.io
BlackPythonDevs,blackpythondevs.github.io
zJiaJun,zJiaJun.github.io
ShareX,sharex.github.io
IppSec,ippsec.github.io
tonsky,tonsky.github.io
loldja,loldja.github.io
ESPresense,ESPresense.github.io
ApacheInfra,ServiceComb.github.io
disney,disney.github.io
bamos,bamos.github.io
JuliaImages,juliaimages.github.io
gengshuang1,gengshuang1.github.io
Tonejs,tonejs.github.io
sanderslab,sanderslab.github.io
lrita,lrita.github.io
shadow-cljs,shadow-cljs.github.io
nlp100,nlp100.github.io
geometrylite,geometrylite.github.io
colordict,colordict.github.io
neverworkintheory,neverworkintheory.github.io
BioSchemas,bioschemas.github.io
SideStore,sidestore.github.io
RxSwiftCommunity,rxswiftcommunity.github.io
cs-pui,cs-pui.github.io
PrestaShop,prestashop.github.io
voteamerica,voteamerica.github.io
ssimeonoff,ssimeonoff.github.io
angular-data-grid,angular-data-grid.github.io
RoboStack,robostack.github.io
rreusser,rreusser.github.io
AXErunners,axerunners.github.io
mariomemes,nate-games.github.io
ember-cli,ember-cli.github.io
ggplot2-exts,ggplot2-exts.github.io
icpcvn,icpcvn.github.io
ljypaul2011,doubio.github.io
zulip,zulip.github.io
keunhong,keunhong.github.io
fossasia,fossasia.github.io
LeuisKen,leuisken.github.io
mlops-for-all,mlops-for-all.github.io
frc1418,frc1418.github.io
ConstraintLayout,constraintlayout.github.io
UnityITellYou,UnityITellYou.github.io
FIRSTMap,firstmap.github.io
portier,portier.github.io
wojtek-kalicinski,wojtek-kalicinski.github.io
Comcast,Comcast.github.io-archive
MoeClub,MoeClub.github.io
ratsgo,ratsgo.github.io
xuaikun,xuaikun.github.io
redteamguides,redteamguides.github.io
gtk-rs,gtk-rs.github.io
SonicCloudOrg,soniccloudorg.github.io
whinc,whinc.github.io
haskellfoundation,haskellfoundation.github.io
ML4SCI,ML4SCI.github.io
Jerkwin,Jerkwin.github.io
openopensource,openopensource.github.io
gulpjs,gulpjs.github.io
wipo-analytics,wipo-analytics.github.io
openintents,openintents.github.io
autowp,autowp.github.io
leontrolski,leontrolski.github.io
haskellweekly,haskellweekly.github.io
iosvpn,iosvpn.github.io
stretch3,stretch3.github.io
DesignOpen,designopen.github.io
sgfin,sgfin.github.io_old
ashteya,ionic2-tutorial-github
EdgeTX,edgetx.github.io
dotnet,dotnet.github.io
Ankit-11525,e-commerce_redstore.github.io
axutongxue,axutongxue.github.io
hustcat,hustcat.github.io
Adobe-Consulting-Services,adobe-consulting-services.github.io
viva-la-vita,viva-la-vita.github.io
hijiangtao,hijiangtao.github.io
GamerHack,GamerHack.github.io
2004content,2004content.github.io
jtleek,jtleek.github.io
uniessey,yuanxiaozha.github.io
Nevolution,nevolution.github.io
void-linux,void-linux.github.io
realworlddatascience,realworlddatascience.github.io
cloud-gpus,cloud-gpus.github.io
StudentCode-in,StudentCode-in.github.io
wayhome25,wayhome25.github.io
w3c,w3c.github.io
reunbozdo,reunbozdo.github.io
napari,napari.github.io
yuzu-mirror,yuzu-mirror.github.io
iblobtouch,iblobtouch.github.io
zhu8,zhu8.github.io
metal3-io,metal3-io.github.io
RDeconomist,RDeconomist.github.io
Mindinventory,mindinventory.github.io
surge-synthesizer,surge-synthesizer.github.io
tobalan,tobalan.github.io
gpodder,gpodder.github.io
mlresearch,mlresearch.github.io
lizer14,lizer14.github.io
PythonNepal,pythonnepal.github.io
unila,unila.github.io
spni,spni.github.io
noxonsu,noxonsu_old.github.io
0xbird,0xbird.github.io
andrewyuan,andrewyuan.github.io
fcrimins,fcrimins.github.io
JLESC,jlesc.github.io
EmuDeck,emudeck.github.io
tuya-cloudcutter,tuya-cloudcutter.github.io
gdsc-seoultech,gdsc-seoultech.github.io
OpenBeerMap,OpenBeerMap.github.io
gdscsmit,gdscsmit.github.io
shartoo,shartoo.github.io
soundshader,soundshader.github.io
fyuanfen,fyuanfen.github.io
zalo,zalo.github.io
nknetobserver,nknetobserver.github.io
promise-nuggets,promise-nuggets.github.io
zellij-org,zellij-org.github.io
bowfolios,bowfolios.github.io
MiteshShah,miteshshah.github.io
modernjuliaworkflows,modernjuliaworkflows.github.io
BUGS-NYU,bugs-nyu.github.io
cbor,cbor.github.io
DONGChuan,DONGChuan.github.io
revilowaldow,5etools-mirror-2.github.io
cloudlibz,cloudlibz.github.io
